ID	PALABRA	NOTAS TRADUCTOR	ORACION EN CUICATECO	ORACION EN ESPAÑOL	NOTAS ORIGINAL	ESPAÑOL ORIGINAL		
1.			Ba'a kun cheatea	Esta casa es grande.		Esta casa es grande.	Traducidas:	464
			Ba'a kun gua cheatea	Esta casa no es grande.	a	Esta casa no es grande.	Totales:	852
			Ba'a kun lï	Esta casa es chica.	b	Esta casa es chica.		
			ba'a kun gua lï	Esta casa no es chica.	c	Esta casa no es chica.		
			Ba'a kun já	Esta casa es nueva.	d	Esta casa es nueva.		
			Ba'a kun gua já	Esta casa no es nueva	e	Esta casa no es nueva		
			Ba'a kun niku	Esta casa es vieja.	f	Esta casa es vieja.		
			Ba'a kun gua niku	Esta casa no es vieja.	g	Esta casa no es vieja.		
			Ba'a kun kuea	Esta casa es blanca.	h	Esta casa es blanca.		
			Ba'a kun gua kuea	Esta casa no es blanca.	i	Esta casa no es blanca.		
2.			¿A taka ba'a mi?	¿Cómo es esa casa?		¿Cómo es esa casa?		
3.			¿A cheatea ba'a mi?	¿Es grande esa casa?		¿Qué tan grande es esa casa?		
4.			¿A já ba'a mi?	¿Es nueva esa casa?		¿Es nueva esa casa?		
5.			Tika, já	Sí, es nueva.		Sí, es nueva.		
			Jú, já	Sí, es nueva.		Sí, es nueva.		
6.			Gua, gua já	No, no es nueva.		No, no es nueva.		
7.			Tika	Sí.  		Sí.		
			Jú	Sí.  		Sí.		
			Gua	No.		No.		
8.			Un yaku	Yo soy alto.		Yo soy alto.		
			Ú yaku	Yo soy alto.		Yo soy alto.		
			Dín yakud	Tú eres alto. 		Tú eres alto.		
			Intin yakun	Usted es alto.		Usted es alto.		
			Sakó yakus.	El es alto.  		El es alto.		
			Takó yakuta	Ella es alta.		Ella es alta.		
			 'Uu yaku'uu	Nosotros somos altos.	(exclusivo)	Nosotros somos altos. (exclusivo)		
			 'Uu yaku'uu	Nosotros somos altos.	(inclusivo)	Nosotros somos altos. (inclusivo)		
			Insën yakun	Ustedes son altos		Ustedes son altos		
			Iñsé yakuy	Ellos son altos.		Ellos son altos.		
			Ú iyú	Yo soy chaparro.		Yo soy chaparro.		
			Un iyú	Yo soy chaparro.		Yo soy chaparro.		
			Dín iyúd	Tú eres chaparro.		Tú eres chaparro.		
			Sakó iyús	El es chaparro.		El es chaparro.		
			 'Uu iyú'uu	Nosotros somos chaparros.	(exclusivo)	Nosotros somos chaparros. (exclusivo)		
			 'Uu iyú'uu	Nosotros somos chaparros.	(inclusivo)	Nosotros somos chaparros. (inclusivo)		
			Insën iyún	Ustedes son chaparros.		Ustedes son chaparros.		
			Iñsé iyún 	Ellos son chaparros.		Ellos son chaparros.		
			Un rú'u	Yo soy gordo.		Yo soy gordo.		
			Ú rú'u	Yo soy gordo.		Yo soy gordo.		
			Un bícha	Yo soy gordo.		Yo soy gordo.		
			Ú bícha	Yo soy gordo.		Yo soy gordo.		
	rú'u		Dí rú'u*	Tú eres gordo		Tú eres gordo		
	rú'u		Din rú'u	Tú eres gordo		Tú eres gordo		
	bícha		Dí bíchad	Tú eres gordo		Tú eres gordo		
	bícha		Din bíchad	Tú eres gordo		Tú eres gordo		
	rú'u		Sakó rú'us	El es gordo		El es gordo		
	rú'u		Sakón rú'us	El es gordo		El es gordo		
	bícha		Sakó bíchas	El es gordo		El es gordo		
	bícha		Sakón bíchas	El es gordo		El es gordo		
	rú'u	('Uu= se utiliza en la conversación cuando hablan solo los que están incluidos en el adjetivo) 	 'Uu rú'uu	Nosotros somos gordos.	(exclusivo)	Nosotros somos gordos. (exclusivo)		
	bícha		Uu bícha'uu	Nosotros somos gordos.	(inclusivo)	Nosotros somos gordos. (inclusivo)		
	rú'u		Insën rú'un	Ustedes son gordos.		Ustedes son gordos.		
	bícha		Insën bíchan	Ustedes son gordos.		Ustedes son gordos.		
	rú'u		Iñsén rú'un	Ellos son gordos.		Ellos son gordos.		
	bícha		Iñsén bíchan	Ellos son gordos.		Ellos son gordos.		
			Un kúë	Yo soy flaco.		Yo soy flaco.		
			Ú kúë	Yo soy flaco.		Yo soy flaco.		
			Dí kúëd	Tu eres flaco.		Tu eres flaco.		
			Dín kúëd	Tu eres flaco.		Tu eres flaco.		
			Sakó kúës	El es flaco.		El es flaco.		
				Nosotros somos flacos.	(exclusivo)	Nosotros somos flacos. (exclusivo)		
		(Insú= se utiliza para responder al alguien que no está incluido en el adjetivo)	Insú kúën	Nosotros somos flacos.	(inclusivo)	Nosotros somos flacos. (inclusivo)		
				Ellos son flacos.		Ellos son flacos.		
9.			Bakun cheatea	Mi casa es grande.		Mi casa es grande.		
			Bakud cheatea	Tu casa es grande.		Tu casa es grande.		
			Baku sakón cheatea	La casa de él es grande.		La casa de él es grande.		
			Baku'uu cheatea	Nuestra casa es grande.	(exclusivo)	Nuestra casa es grande. (exclusivo)		
				Nuestra casa es grande.	(inclusivo)	Nuestra casa es grande. (inclusivo)		
			Baku insén cheatea	La casa de ustedes es grande.		La casa de ustedes es grande.		
		(no es plural)	Yudú ñe'ë cheatea	Mis metates son grandes.		Mis metates son grandes.		
		(no es plural)	Yudú ñe'ed cheatea	Tus metates son grandes. 		Tus metates son grandes.		
				Los metates de ella son grandes		Los metates de ella son grandes		
				Nuestros metates son grandes.	(exclusivo)	Nuestros metates (exclusivo) son grandes.		
				Nuestros metates son grandes.	(inclusivo)	Nuestros metates (inclusivo) son grandes.		
				Los metates de ellos son grandes.		Los metates de ellos son grandes.		
10.			Íyaan kuo'o	El chile es rojo.		El chile es rojo.		
11.			Íyaam na kuo'o	Los chiles ya están rojos.		Los chiles ya están rojos.		
12.			Íyaam nikua kuo'o	Los chiles todavía no están rojos.		Los chiles todavía no están rojos.		
13.			Tio'ö kun cheatea	Este árbol es grande 		El árbol es grande.		
14.			Tio'ö kun kub cheatea	Este árbol va a ser grande 		El árbol va a ser grande.		
15.			Tio'ö kun na cheatea	Este árbol ya es grande 	(cuando vinimos aquí).	Ese árbol ya era grande (cuando vinimos aquí).		
16.			Tio'ö min na chi cheatea	Ese árbol se volvió grande.		Ese árbol se volvió grande.		
17.				Los chiles se van a volver rojos.		Los chiles se van a volver rojos.		
18.			Sï kun dama nuku ñe'ed	Este sombrero es igual al tuyo.		Este sombrero es igual al tuyo.		
			Sï kun gua dama kunu ñe'ed 	Este sombrero no es igual al tuyo.		Este sombrero no es igual al tuyo.		
19.			Sï sen gua dama	Estos sombreros no son iguales		Estos sombreros son diferentes.		
20.			¿Dae color yada mi?	¿De qué color es esa falda?		¿De qué color es esa falda?		
21.			Yada min kuea nuku kuä 	Esa falda es blanca y negra.		Esa falda es blanca y negra.		
22.			¿yúduu ñe'ed a kuät o kueat?	¿Tu caballo es negro o blanco?		¿Tu caballo es negro o blanco?		
23.				Mi caaballo no es niegro ni blanco, es bayo.		Mi caaballo no es niegro ni blanco, es bayo.		
24.			¿A nda je'é kantu*?	¿Está rico el caldo?		¿Cómo está la comida?		
25.			Inuu comida	La comida está caliente.		La comida está caliente.		
			Icha comida	La comida está fría.		La comida está fría.		
26.			yeabean icha nuni	El agua está muy fría.		El agua está muy fría.		
				El agua está bastante fría.		El agua está bastante fría.		
				El agua está demasiado fría.		El agua está demasiado fría.		
27.			Kutu min ñá	Esa olla está sucia.		Esa olla está sucia.		
			kutu min gua ñá	Esa olla no está sucia		Esa olla no está sucia		
			kutu min deabea	Esa olla está limpia.		Esa olla está limpia.		
			kutu min gua deabea	Esa olla no está limpia.		Esa olla no está limpia.		
28.			Ñoo min nìnuu nuku mu'u	Ese pueblo está cerca de aquí 		El pueblo está cerca de aquí.		
			Ñoo min ña'a nuku mu'u 	Ese pueblo está lejos de aquí 		El pueblo está lejos de aquí.		
29.			¿A ña'a ñoom?	¿Está lejos el pueblo?		¿Está lejos el pueblo?		
30.			Fom kanes Jibaku 	Juan está en Cuicatlán 		Juan está ahora en Huamantla.		
31.			¿A ti kane Fom mniñu?	¿Dónde está Juan ahora?		¿Dónde está Juan ahora?		
32.			¿A kanés Jibaku?	¿Está en Cuicatlán?		¿Ahora está en Huamantla?		
33.				¿En Huamantla es donde está?		¿En Huamantla es donde está?		
34.		(sujeto masculino)	¿A iku chi kenés Jibaku?	¿Ayer estaba en Cuicatlán?		Ayer Juan estuvo en Huamantla?		
35.			¿A ti che'èd* iku ?	¿A dónde fuiste ayer?		¿Dónde estuvo Juan ayer?		
36.			¿A ti kane chidad?	¿Dónde está tu papá?		¿Dónde está tu papá?		
37.			¿A kanu chidad ba'a?	¿Tu papá está en la casa?		¿Tu papá está en la casa?		
			¿A gua kanu chidad ba'a?	¿Tu papá no está en la casa?		¿Tu papá no está en la casa?		
38.			Kanu chida ba'a	Mi papá está en la casa.		Mi papá está en la casa.		
			Chidan guay ba'a	Mi papá no está en la casa.		Mi papá no está en la casa.		
39.			Kanu kuedama chida ba'a	Mi papá siempre está en la casa.		Mi papá siempre está en la casa.		
40.			Chidan kanuñ bö jingö	Mi papá está en la milpa.		Mi papá está en la milpa.		
			Chida kaneñ no n'iba 	Mi papá está en el mercado.		Mi papá está en el mercado.		
			Chida kue'eñ chin jíku	Mi papá está en el río.		Mi papá está en el río.		
41.			Chidan kaneñ nuku kambo ñe'eñ	Mi papá está con su compadre		Mi papá está con Don Manuel.		
42.			¿Nuku du'u kane chidad?	¿Con quién está tu papá?		¿Con quién está tu papá?		
43.			¿A kanú chidad?	¿Está tu papá?	(dicho fuera de la casa)	¿Está tu papá? (dicho fuera de la casa)		
44.			¿A ti kane kutum?	¿Dónde está la olla?		¿Dónde está la olla?		
			¿A ti kane machetem?	¿Dónde está el machete?		¿Dónde está el machete?		
45.			Kutum kane nioo	La olla está en el suelo.		La olla está en el suelo.		
			Machetem kane nioo	El machete está en el suelo.		El machete está en el suelo.		
			Kutum kane ku ko'o ba'a mi	La olla está en ese rincón.		La olla está en ese rincón.		
			Machetem kane ku ko'o ba'a mi	El machete está en ese rincón.		El machete está en ese rincón.		
46.			Kutum kane nuku chéam 	La olla está con el comal		La olla está junto al comal.		
47.			¿A ti kane yanam	¿Dónde está el perro?		¿Dónde está el perro?		
48.			Kane kuch ba'a	Está fuera de la casa.		Está fuera de la casa.		
			Kane chete ba'a	Está dentro de la casa.		Está dentro de la casa.		
49.			¿A ti kane yákum?	¿Dónde está la iglesia?		¿Dónde está la iglesia?		
			¿A ti kane n'íba?	¿Dónde está el mercado?		¿Dónde está el mercado?		
			¿A ti kane bakud?	¿Dónde está tu casa?		¿Dónde está tu casa?		
50.			Yáku kane nano ba'a mi	La iglesia está enfrente de aquella casa.		La iglesia está enfrente de aquella casa.		
51.			Ku laka kane yáku	Por allá está la iglesia 		La iglesia está más adelante.		
52.			¿A ti kane 	¿Dónde está el corral de las chivas?		¿Dónde está el corral de las chivas?		
53.				El corral de las chivas está atrás de la casa.		El corral de las chivas está atrás de la casa.		
				El corral está adelante de la casa.		El corral está adelante de la casa.		
				El coral está junto a la casa.		El coral está junto a la casa.		
54.				La ropa está en el baúl.		La ropa está en el baúl.		
55.		(ya los puso a cocer)	Na chinu núnim ni'ö	Ya puse los frijoles.		Los frijoles están en la olla.		
56.			Yada kon kanut no ti'ö ko	Ese pájaro está en ese árbol 		El pájaro está en ese árbol		
57.			Jo'ó yàaku ú	Me pican los mosquitos 		La mosca está en la pared.		
58.				Los perros están alrededor de la lumbre.		Los perros están alrededor de la lumbre.		
59.			¿A tabea yana bea ñe'ed?	¿Cuántos perros tienes?		¿Cuántos perros tienes?		
60.			Un bea ama yana ñe'ë	Tengo un perro.		Tengo un perro.		
			Bea ama yana ñe'ed	Tienes un perro.		Tienes un perro.		
			Bea ama yana ñe'es	El tiene un perro.		El tiene un perro.		
			Bea ama yana ñu'uu	Tenemos un perro.	(exclusivo)	Tenemos un perro. (exclusivo)		
			Bea ama yana ñe'en 	Tenemos un perro.	(inclusivo)	Tenemos un perro. (inclusivo)		
			Bea ama yana ñe'en	Ustedes tienen un perro.		Ustedes tienen un perro.		
			Insë bea ama yana ñe'en	Ustedes tienen un perro.		Ustedes tienen un perro.		
			Bea ama yana ñe'e insë	Ustedes tienen un perro.		Ustedes tienen un perro.		
			Bea ama yana ñe'eñ	Ellos tienen un perro.		Ellos tienen un perro.		
			Iñsé bea ama yana ñe'eñ	Ellos tienen un perro.		Ellos tienen un perro.		
			Bea ama yana ñe'e iñsé	Ellos tienen un perro.		Ellos tienen un perro.		
			Un bea obe yana ñe'ë	Tengo dos perros.		Tengo dos perros.		
			Bea obe yana ñe'ed	Tienes dos perros.		Tienes dos perros.		
			Bea obe yana ñe'es	El tiene dos perros.		El tiene dos perros.		
			Bea obe yana ñe'es	El tiene dos perros.		El tiene dos perros.		
			Bea obe yana ñe'en	Tenemos dos perros.	(exclusivo)	Tenemos dos perros. (exclusivo)		
			Bea obe yana ñu'uu	Tenemos dos perros.	(inclusivo)	Tenemos dos perros. (inclusivo)		
			Insú bea obe yana ñe'en	Tenemos dos perros.	(inclusivo)	Tenemos dos perros. (inclusivo)		
			Insë bea obe yana ñe'en	Ustedes tienen dos perros.		Ustedes tienen dos perros.		
			Iñsé bea obe yana ñe'eñ	Ellos tienen dos perros.		Ellos tienen dos perros.		
61.		 (ñe'e indica posición, se puede decir que estaba es igual a tener)	Tochi kane yuudum ñe'e	Cuanto estaba mi caballo	(pero lo vendí).	Tenía un caballo (pero lo vendí).		
62.			Noyo* chi kuchi kua ama yúduu	El año que viene voy a tener un caballo.		El año que viene voy a tener un caballo.		
63.			Gua yana ñe'ë	No tengo perro.		No tengo perro.		
64.			Gua ni ama kadi ñe'ë	No tengo ninguna moneda.		No tengo ninguna moneda.		
65.			Gua nuni chi ku'ú	Tengo agua para tomar.		Tengo agua para tomar.		
66.			¿Dae nád tò?	¿Qué tienes ahí?	(señalando el bolsillo o un costal)	¿Qué tienes ahí? (señalando el bolsillo o un costal)		
67.			Du'u ná machetem?	¿Quién tiene el machete?		¿Quién tiene el machete?		
68.			Ú ná*	Yo lo tengo.		Yo lo tengo.		
69.				El maíz tiene gorgojo.		El maíz tiene gorgojo.		
70.			Bea nduk* da'a yana	Los perros tienen cola.		Los perros tienen cola.		
71.			¿A bea nduk da'a yana?	¿Tienen cola los perros?		¿Tienen cola los perros?		
72.				¿Acaso no tienen cola los perros?		¿Acaso no tienen cola los perros?		
73.			Chíy nduk da'a yana ñe'ë	Le cortaron la cola a mi perro		Mi perro no tiene cola.		
74.			Gua chimba'a ba'a ko	Esa casa no tiene puerta.		Esa casa no tiene puerta.		
75.			Kutea* duytï Fo	Ya no tiene mucho cabello		Juan tiene poco pelo.		
			Yeabean ndee duytï Fo	Juan tiene mucho pelo.		Juan tiene mucho pelo.		
76.			¿A taka duytï Fo?	¿Cómo es el pelo de Juan?		¿Cómo es el pelo de Juan?		
77.			Yudtï Fo kuä	El pelo de Juan es negro.		El pelo de Juan es negro.		
78.			Ndá machete chi tubnéd ú	Tengo el machete que me prestaste.		Tengo el machete que me prestaste.		
79.		Está aún el machete que me diste para mi.	Kane ka machete chi ted ñe'ë	Todavía tengo el machete que me regalaste.		Todavía tengo el machete que me regalaste.		
80.			No ba'a kane ama machete chi gua ñe'ë	En casa tengo un machete que no es mío.		En casa tengo un machete que no es mío.		
81.			Cheá tika 	Se pintó en mi ropa		Esta camisa tiene manchas.		
				Este perro tiene manchas.		Este perro tiene manchas.		
82.			Gua chid jima ñe'e komida	La comida tiene sal.		La comida tiene sal.		
			¿A chid jima ñe'e kantu?	No le echaste sal a la comida 		La comida no tiene sal.		
83.			Díni comida	¿Le echaste sal a la comida?		La comida está salada.		
84.			Yaduu sopa	Está picante la comida		La sopa tiene chile.		
85.			Snú nuni kutu	Hay agua en la olla		La olla tiene agua.		
			Gua snú nuni kutu	La olla no tiene agua.		La olla no tiene agua.		
86.				¿Dónde tiene Juan el mecate?		¿Dónde tiene Juan el mecate?		
87.				Juan tiene el mecate en la mano.		Juan tiene el mecate en la mano.		
88.				Juan tiene una piedra en el bolsillo.		Juan tiene una piedra en el bolsillo.		
89.			Bea obe so'ö bi'i	Tengo dos hermanos.		Tengo dos hermanos.		
90.			¿A tabea bi'id bea?	¿Cuántos hermanos tienes?		¿Cuántos hermanos tienes?		
91.				¿Tiene usted jabón para vender?		¿Tiene usted jabón para vender?		
92.			Chito'o inuu ú	Tengo gripa.		Tengo gripa.		
93.			Chito'o inuu ú	Tuve gripa.		Tuve gripa.		
94.			¿A ichad?	¿Tienes frío?		¿Tienes frío?		
95.			Tika 	Sí.		Sí.		
			Gua 	No.		No.		
96.			Ya'a tï	Tengo dolor de cabeza.		Tengo dolor de cabeza.		
97.			Nujinu	Tengo prisa.		Tengo prisa.		
98.			Kuiku	Tengo hambre.		Tengo hambre.		
			Yàka	Tengo sed.		Tengo sed.		
			Ne kuyadu	Quiero dormir		Tengo sueño.		
			Dànti	Tengo flojera.		Tengo flojera.		
99.			Bea ntiñu ñe'ë	Tengo trabajo.		Tengo trabajo.		
100.			Kuenó	Tengo pena.		Tengo pena.		
101.			Gua kuenód	No tengas pena		Soy penoso.		
102.			Snú núni no kutum	En la olla hay frijoles.		En la olla hay frijoles.		
			Snú nuni no kutum	En la olla hay agua.		En la olla hay agua.		
			Kutea núni no kutum	En la olla no hay frijoles.		En la olla no hay frijoles.		
			Kutea nuni no kutum	En la olla no hay agua.		En la olla no hay agua.		
103.			¿A snú núni no kutum?	¿Hay frijoles en la olla?		¿Hay frijoles en la olla?		
104.			¿A kutea núni no kutum?	¿No hay frijoles en la olla?		¿No hay frijoles en la olla?		
105.			Beaka	Todavía hay		Si hay.		
106.			Gua, kutea	No, ya no hay		No, no hay.		
107.			¿A bea itcheanu kuete?	¿Hay venados en el campo?		¿En el monte no hay venados?		
108.			No ba'a bea iña	En la casa hay gente.		En la casa hay gente.		
			No ba'a gua iña	En la casa no hay gente.		En la casa no hay gente.		
109.				En la casa no había gente.		En la casa no había gente.		
110.			Mu'u bea kùù yuntu 	Aquí hay cuatro tortillas.		Aquí hay cuatro tortillas.		
111.			Mu'u bea yuntu	Aquí hay una tortilla.		Aquí hay una tortilla.		
112.			Mu'u bea nuni	Aquí hay agua.		Aquí hay agua.		
			Gua nuni	Aquí no hay agua.		Aquí no hay agua.		
113.			Mí bea ti'ö	Allá hay árboles.		Allá hay árboles.		
114.			Bea kaá ñoo*	Hay una epidemia en el pueblo.		Hay una epidemia en el pueblo.		
115.			Ño baku bea n'íba	En mi pueblo hay mercado.		En mi pueblo hay mercado.		
116.			Ño kon bea ba'a eatea	En ese pueblo hay casas grandes.		En ese pueblo hay casas grandes.		
117.				El gorrión cabeza colorada es un pájaro.		El gorrión cabeza colorada es un pájaro.		
118.				Ese pájaro es un zanate.		Ese pájaro es un zanate.		
118.				Ese pájaro no es un zanate.		Ese pájaro no es un zanate.		
119.			¿Daë yada chó?	¿Qué pájaro es ese?		¿Qué pájaro es ese?		
120.			Juó no'ös	Juan es maestro.		Juan es maestro.		
			Juó gua no'ös	Juan no es maestro.		Juan no es maestro.		
121.				Juan es el maestro.		Juan es el maestro.		
				Juan no es el maestro.		Juan no es el maestro.		
122.			¿A du'u no'ö?	¿Quién es maestro?		¿Quién es maestro?		
123.			¿Du'u no'öm?	¿Quién es el maestro?		¿Quién es el maestro?		
124.			Juó daya	Juan es hijo mío.		Juan es hijo mío.		
			Juó daya so'ö	Juan es hijo mío.		Juan es hijo mío.		
125.				¿Qué es Juan?		¿Qué es Juan?		
127.			¿A no'ö Juó?	¿Juan es maestro?		¿Juan es maestro?		
128.			Daya chë Manuel ú	Yo soy hijo de don Manuel.		Yo soy hijo de don Manuel.		
			Gua daya chë Manuel ú	Yo no soy hijo de don Manuel.		Yo no soy hijo de don Manuel.		
129.			Juó kúeas	Juan es brujo.		Juan es brujo.		
130.				Juan se volvió brujo.		Juan se volvió brujo.		
131.			Kuetíchi kon ñe'ë	Esa canasta es mía.		Esa canasta es mía.		
			Kuetíchi kon ñe'ed	Esa canasta es tuya.		Esa canasta es tuya.		
			Kuetíchi kon ñe'es	Esa canasta es de él		Esa canasta es de él		
			Kuetíchi kon gua ñe'ed	Esa canasta no es tuya.		Esa canasta no es tuya.		
			Kuetíchi kon gua ñe'es	Esa canasta no es de él.		Esa canasta no es de él.		
			Kuetíchi kon gua ñe'en	Esa canasta no es nuestra.	(exclusivo)	Esa canasta no es nuestra. (exclusivo)		
			Kuetíchi kun gua ñe'en	Esta canasta no es nuestra.	(inclusivo)	Esa canasta no es nuestra. (inclusivo)		
			Kuetíchi kon gua ñe'ën	Esa canasta no es de ustedes		Esa canasta no es de ustedes		
			Kuetíchi kon ñe'en	Esa canasta es nuestra.	(exclusivo)	Esa canasta es nuestra. (exclusivo)		
				Esa canasta es nuestra	(inclusivo)	Esa canasta es nuestra (inclusivo)		
			Kuetíchi kon ñe'ën	Esa canasta es de ustedes.		Esa canasta es de ustedes.		
			Kuetíchi kon ñe'ey	Esa canasta es de ellos.		Esa canasta es de ellos.		
			Kuetíchi kon gua ñe'ë	Esa canasta no es mía.		Esa canasta no es mía.		
			Kuetíchi kon gua ñe'ey	Esa canasta no es de ellos.		Esa canasta no es de ellos.		
132.				Mi canasta es esa.		Mi canasta es esa.		
				Mi canasta no es esa.		Mi canasta no es esa.		
133.			¿Ñe'e du'u kuetíchi ko?	¿De quién es esa canasta?		¿De quién es esa canasta?		
134.			¿A ñe'ed kuetíchi ko?	¿Es tuya esa canasta?		¿Es tuya esa canasta?		
			¿A gua ñe'ed kuetíchi ko?	¿No es tuya esa canasta?		¿No es tuya esa canasta?		
135.				¿Esa canasta es la tuya?		¿Esa canasta es la tuya?		
136.			Chu yuni	Este es el camino	(que va al pueblo)	Este es el camino (que va al pueblo)		
137.			Juó ñe'e Jidiba so'ö	Juan es de la Mixteca		Juan es de Huamantla.		
138.			¿Ñe'e ti Juó?	¿De dónde es Juan?		¿De dónde es Juan?		
139.			¿Ñe'e ti dí?	¿De dónde eres?		¿De dónde eres?		
140.				¿Quién es de Huamantla?		¿Quién es de Huamantla?		
141.			Juó ama so'ö nda	Juan es un hombre bueno.		Juan es un hombre bueno.		
142.				Juan va a ser topil		Juan va a ser topil		
143.			¿A dae kubi Juó?	¿Qué va a ser Juan?		¿Qué va a ser Juan?		
144.				Juan fue topil el año pasado.		Juan fue topil el año pasado.		
145.				¿Cuándo fue topil Juan?		¿Cuándo fue topil Juan?		
146.				¿Qué fue Juan el año pasado?		¿Qué fue Juan el año pasado?		
147.			Juó so'ös	Juan es hombre.		Juan es hombre.		
148.			Ta Marian ndatata	María es mujer.		María es mujer.		
149.			Ú so'ö ú	Yo soy hombre.		Yo soy hombre.		
150.			Ú ndata ú	Yo soy mujer.		Yo soy mujer.		
151.			¿Dae comida cho?	¿Qué es esa comida?		¿Qué es esa comida?		
152.			Comida kun yuta kuchi	Esta comida es carne de puerco.		Esta comida es carne de puerco.		
153.			Ún yunu	Yo soy joven		Yo soy el más joven.		
			Ún kutea yunu	Yo ya no soy joven		Yo no soy el más joven.		
154.				El que está sentado es Juan.	(hombre) 	El (hombre) que está sentado es Juan. 		
155.			Juó beajukus	Juan es el que está sentado.	(Contestación a:  ¿Cuál es Juan?)	Juan es el que está sentado. (Contestación a: ¿Cuál es Juan?)		
156.				Juan es el que está sentado.	(Contestación a:  ¿Pedro es el que está sentado?)	Juan es el que está sentado. (Contestación a: ¿Pedro es el que está sentado?)		
157.				Ixtenco es cabecera municipal.		Ixtenco es cabecera municipal.		
158.			Eduviges chi jobe ndata	Eduviges es nombre de mujer.		Eduviges es nombre de mujer.		
159.				El hombre que saló es al que conozco.		El hombre que saló es al que conozco.		
				El que salió es al que conozco.		El que salió es al que conozco.		
160.			¿Dae cho?	¿Qué es eso?	(señalando algo que no se alcanza a distinguir)	¿Qué es eso? (señalando algo que no se alcanza a distinguir)		
161.				Es un perro.		Es un perro.		
162.				El año que viene mi hijo ya va a ser hombre.		El año que viene mi hijo ya va a ser hombre.		
163.				Juana se parece a María.		Juana se parece a María.		
164.			Ta juana ninubita chakuta 	Juana se parece a su madre.		Juana se parece a su madre.		
165.			Yadan ninubis intï	Su hijo se parece a usted		Usted y su hijo se parecen mucho.		
166.			Juó a niku injobes	Juan parece viejo.		Juan parece viejo.		
167.				Juan parece maestro.		Juan parece maestro.		
168.			¿A taka jobed?	¿Cómo te llamas?		¿Cómo te llamas?		
169.			Ún jobe Pedro	Me llamo Pedro.		Me llamo Pedro.		
170.			Icha	Hace calor.		Hace calor.		
			Ínuu	Hace frío.		Hace frío.		
		T.l:Corre viento	Jeanu yuna	Hace viento.		Hace viento.		
			Yòò*	Hace sol.		Hace sol.		
171.			Jè kubi	Está lloviendo.		Está lloviendo.		
172.			Kuè kubi 	Va a llover.		Va a llover.		
173.			¿Nuku dae jidiñ yuntu?	¿Con qué se hacen las tortillas?		¿Con qué se hacen las tortillas?		
174.			Nuku beayee jidiñ yuntu	Las tortillas se hacen con nixtamal.		Las tortillas se hacen con nixtamal.		
175.			¿A taka kadi ko'ö ñoo bakud?	¿Cómo puedo ir a tu pueblo?		¿Cómo se va a tu pueblo?		
176.			¿A ti jinukuy chiadi?	¿Dónde venden azucar?		¿Dónde venden azucar?		
177.			Mi ndenó jinikuy	Ahí venden muchas cosas.		Ahí venden muchas cosas.		
178.				Nombraron a Juan presidente municipal.		Nombraron a Juan presidente municipal.		
179.			Juó ko'os chis tonto ú	Juan me llamó tonto.		Juan me llamó tonto.		
180.			Kayadu	Estoy durmiendo.		Estoy durmiendo.		
				Estás durmiendo.		Estás durmiendo.		
			Kayadus/ kayaduta	Está durmiendo.		Está durmiendo.		
			Kadayu'uu	Estamos durmiendo	(exclusivo)	Estamos durmiendo (exclusivo)		
				Estamos durmiendo	(inclusivo)	Estamos durmiendo (inclusivo)		
			kayadun/Insë kayadun	Están durmiendo ustedes.		Están durmiendo ustedes.		
				Están durmiendo ellos.		Están durmiendo ellos.		
181.			Gua kayadus/ gua kayaduta	No está durmiendo.		No está durmiendo.		
182.			Lï jiyaduy	Duerme poco.		Duerme poco.		
				Duerme mucho.		Duerme mucho.		
183.			Jiyadu jobe	De día yo duermo		Duerme de día.		
			Yeabean jiyadus chi jobe	Duerme mucho de día.		Duerme mucho de día.		
			Yeabean jiyadus chi màà	Duerme mucho de noche.		Duerme mucho de noche.		
			Gua jiyadus chi jobe	No duerme de día.		No duerme de día.		
			Gua diyadus chi màà	No duerme de noche.		No duerme de noche.		
184.			Kayadu silïm	El niño se durmió.		El niño se durmió.		
185.			Kayadu silïm 	El niño se está durmiendo.		El niño se está durmiendo.		
186.			Ko'ö kuyadu silï	El niño se ve a dormir.		El niño se ve a dormir.		
187.		 	Nauné kayadu silïm	El niño se durmió de nuevo.		El niño se durmió de nuevo.		
188.			Gua yeabea kayadu silï yabi	El niño no durmió bien anodche.		El niño no durmió bien anodche.		
189.			Tatlin gua kayaku silí no camión mi	El niño casi se durmió en el camión.		El niño casi se durmió en el camión.		
190.				El pez muerto está flotando en el agua.		El pez muerto está flotando en el agua.		
191.				La madera flota en el agua.		La madera flota en el agua.		
192.				Ella siempre me pide tortillas.		Ella siempre me pide tortillas.		
				Ella siempre te pide tortillas.		Ella siempre te pide tortillas.		
				Ella siempre le pide tortillas a él.		Ella siempre le pide tortillas a él.		
				Ella siempre nos pide tortillas.	(exclusivo)	Ella siempre nos pide tortillas. (exclusivo)		
				Ella siempre nos pide tortillas.	(inclusivo)	Ella siempre nos pide tortillas. (inclusivo)		
				Ella siempre les pide tortillas.	(a ustedes)	Ella siempre les pide tortillas. (a ustedes)		
				Ella siempre les pide tortillas.	(a ellos)	Ella siempre les pide tortillas. (a ellos)		
				Yo siempre te pido tortillas.		Yo siempre te pido tortillas.		
				Yo siempre le pido tortillas a él.		Yo siempre le pido tortillas a él.		
				Yo siempre les pido tortillas a ustedes.		Yo siempre les pido tortillas a ustedes.		
				Yo siempre les pido tortillas a ellos.		Yo siempre les pido tortillas a ellos.		
				Tú siempre me pides tortillas.		Tú siempre me pides tortillas.		
				Tú siempre le pides tortillas a él.		Tú siempre le pides tortillas a él.		
				Tú siempre nos pides tortillas.		Tú siempre nos pides tortillas.		
				Tú siempre les pides tortillas a ellos.		Tú siempre les pides tortillas a ellos.		
				Nosotros siempre le pedimos tortillas a usted.		Nosotros siempre le pedimos tortillas a usted.		
				Nosotros siempre le pedimos tortillas a él.		Nosotros siempre le pedimos tortillas a él.		
				Nosotros siempre les pedimos tortillas a ustedes.		Nosotros siempre les pedimos tortillas a ustedes.		
				Nosotros siempre les pedimos tortillas a ellos.		Nosotros siempre les pedimos tortillas a ellos.		
				Ustedes siempre me piden tortillas.		Ustedes siempre me piden tortillas.		
				Ustedes siempre nos piden tortillas.		Ustedes siempre nos piden tortillas.		
				Ustedes siempre les piden tortillas a ellos.		Ustedes siempre les piden tortillas a ellos.		
				Ellos siempre me piden tortillas.		Ellos siempre me piden tortillas.		
				Ellos siempre te piden tortillas.		Ellos siempre te piden tortillas.		
				Ellos siempre le piden tortillas a él.		Ellos siempre le piden tortillas a él.		
				Ellos siempre nos piden tortillas a nosotros	(exclusivo)	Ellos siempre nos piden tortillas a nosotros (exclusivo)		
				Ellos siempre nos piden tortillas a nosotros	(inclusivo)	Ellos siempre nos piden tortillas a nosotros (inclusivo)		
				Ellos siempre les piden tortillas a ustedes.		Ellos siempre les piden tortillas a ustedes.		
				Ellos siempre les piden tortillas a Juan y Pedro.		Ellos siempre les piden tortillas a Juan y Pedro.		
193.			Tako chikata yuntu ú chi che'e chakuta	Ella me pidió tortillas para que comiera su mamá 		Ella me pidió tortilas para su madre.		
194.			¿A chikata yuntu dí?	¿Ella te pidió tortillas?		¿Ella te pidió tortillas?		
195.			Jù, chikata yuntu ú	Sí ella me pidió tortillas.		Sí ella me pidió tortillas.		
196.			¿A du'u chika yuntu dí?	¿Quién te pidió tortillas?		¿Quién te pidió tortillas?		
197.			¿A dae chikata dí?	¿Qué te pidió ella?		¿Qué te pidió ella?		
198.			Gua chikata yuntu ú	Ella no me pidió tortillas.		Ella no me pidió tortillas.		
199.			Nokuó jikata yuntu ú	Ella a veces me pide tortillas.		Ella a veces me pide tortillas.		
200.				Ella nunca me pide tortillas.		Ella nunca me pide tortillas.		
201.				Ella nunca me pidió tortillas.		Ella nunca me pidió tortillas.		
202.			Takó chikueta ú	Ella me enseñó		Ella me enseñó esta canción.		
203.			Taka chikueta ú a taka jiduchiy ño'o jinde'e	Ella me enseñó como se juega el trompo		Ella me explicó el juego.		
204.			Nichi dí iku	Te vi ayer en el mercado.		Te vi ayer en el mercado.		
		sujeto masculino 	Nichi so'ö iku n'iba	Lo vi ayer en el mercado.		Lo vi ayer en el mercado.		
			Nichi insë iku no n'iba 	Los vi a ustedes ayer en el mercado.		Los vi a ustedes ayer en el mercado.		
			Nichi iñsé iku no n'iba	Los vi a ellos ayer en el mercado.		Los vi a ellos ayer en el mercado.		
			A nichid ú iku n'iba	Me viste ayer en el mercado.		Me viste ayer en el mercado.		
			A nichid to'ö iku n'iba	Lo viste ayer en el mercado.		Lo viste ayer en el mercado.		
			Nichid insú iku no n'iba	Nos viste ayer en el mercado.		Nos viste ayer en el mercado.		
				Los viste ayer en el mercado.		Los viste ayer en el mercado.		
			Nichis ú iku n'iba	Me vio ayer en el mercado		Me vio ayer en el mercado		
			Nichis dí iku n'iba	Te vio ayer en el mercado.		Te vio ayer en el mercado.		
				Lo vio ayer en el mercado.		Lo vio ayer en el mercado.		
			Nichiy 'uu iku no n'iba	Nos vio ayer en el mercado.		Nos vio ayer en el mercado.		
			Nichiy insë	Los vio ayer en el mercado.	(a ustedes) 	Los vio (a ustedes) ayer en el mercado.		
			Nichiy iñsé 	Los vio ayer en el mercado.	(a ellos) 	Los vio (a ellos) ayer en el mercado. 		
			Nichin dí iku n'iba	Te vimos ayer en el mercado.		Te vimos ayer en el mercado.		
				Lo vimos ayer en el mercado.		Lo vimos ayer en el mercado.		
				Los vimos ayer en el mercado.	(a ustedes) 	Los vimos (a ustedes) ayer en el mercado. 		
				Los vimos ayer en el mercado.	(a ellos)	Los vimos (a ellos) ayer en el mercado. 		
				Ustedes me vieron ayer en el mercado.		Ustedes me vieron ayer en el mercado.		
				Ustedes lo vieron ayer en el mercado.		Ustedes lo vieron ayer en el mercado.		
				Ustedes nos vieron ayer en el mercado.		Ustedes nos vieron ayer en el mercado.		
				Ustedes los vieron ayer en el mercado.		Ustedes los vieron ayer en el mercado.		
				Ellos me vieron ayer en el mercado.		Ellos me vieron ayer en el mercado.		
				Ellos te vieron ayer en el mercado.		Ellos te vieron ayer en el mercado.		
				Ellos la vieron ayer en el mercado.		Ellos la vieron ayer en el mercado.		
				Ellos nos vieron ayer en el mercado.		Ellos nos vieron ayer en el mercado.		
				Ellos los vieron ayer en el mercado.	(a ustedes) 	Ellos los vieron (a ustedes) ayer en el mercado. 		
				Ellos las vieron ayer en el mercado.	(a ellas) 	Ellos las vieron (a ellas) ayer en el mercado. 		
205.				Ayer no te vi en el mercado.		Ayer no te vi en el mercado.		
206.			¿A nichi ú iku n'iba?	¿Me viste ayer en el mercado?		¿Me viste ayer en el mercado?		
207.			¿A du'u nichid iku n'iba?	¿A quién viste ayer en el mercado?		¿A quién viste ayer en el mercado?		
208.			¿A dae nochid iku n'iba?	¿Qué viste ayer en el mercado?		¿Qué viste ayer en el mercado?		
209.			¿A ti nichid ú?	¿Dónde me viste?		¿Dónde y cuando me viste?		
210.			Kuá ama snï ñe'es	Compraré un sombrero para ella 	(para él)	Me pidió que le comprara un sombrero. (para él)		
211.			Kuá ama snï ñe'e chidata	Compraré un sombrero para su papá 		Me pidió que le comprara un sombrero para su padre.		
212.			Nès dí chi ko'öd Jibaku	Te ordenó qué fueras a Cuicatlán 		El ordenó que fueras a Huamantla.		
213.			Nèta dí chi ko'öd Jibaku	El te ordenó ir a Huamantla.		El te ordenó ir a Huamantla.		
214.			Chineta damid chi dí dukud chi ñe'eta	Ella te acusó de haberle robado.		Ella te acusó de haberle robado.		
215.			¿Dae jikadi jidid?	¿Qué puedes hacer?		¿Qué sabes hacer?		
216.			Un guadbea jikadi jidi	No puedo hacer nada		Yo no sé hacer nada.		
217.			Gua deanu	No sé 		Yo no sé nada.		
218.				¿Sabes nadar?		¿Sabes nadar?		
219.			Juó dimo beade jines 	Juan sólo habla español		Juan sólo sabe hablar español.		
220.			¿A jined beade?	¿Sabes español?		¿Sabes español?		
221.			Jiné beade	Sé español.		Sé español.		
222.				Yo no sé nadar.		Yo no sé nadar.		
223.			¿A chikadinud chi a ndo?	¿Cuándo supiste que yo había llegado?		¿Cuándo supiste que yo había llegado?		
224.			¿A taka chikadinud chi a ndo?	¿Cómo supiste que yo había llegado?		¿Cómo supiste que yo había llegado?		
225.		tl:te doy para que sepas, pero hace referencia a la frase	Jite chi kadinud	Te lo digo para que lo sepas.		Te lo digo para que lo sepas.		
226.			¿A chèd beade?	¿Aprendiste español?		¿Aprendiste español?		
227.			Chiku'u chikueñ ú a taka ika yuntu **	Mi abuela me enseñó a hacer tortillas		Mi abuela me enseñó a cantar.		
			Chiku'u gua chikueñ ú c	Mi abuela no me enseñó a cantar.		Mi abuela no me enseñó a cantar.		
228.				Mi padre me enseñó a no robar.		Mi padre me enseñó a no robar.		
229.			Kakued ú yuni	¡Enséñame el camino!		¡Enséñame el camino!		
230.			Kakued ú dae nád to'od	¡Enséñame que tienes en la mano!		¡Enséñame que tienes en la mano!		
231.			Nichi ndee iti yuni	Vi muchos animales en el camino.		Vi muchos animales en el camino.		
232.			Nichi dae chi no ba'a ko	Vi lo que pasó en esa casa.		Vi lo que pasó en esa casa.		
233.			Nichi chi dimod je'ed yuntu	Vi que estabas comiendo solo.		Vi que estabas comiendo solo.		
234.			Ne'e yuntu	Quiero tortillas.		Quiero tortillas.		
235.			Ne'e ko'ö n'iba 	Quiero ir temprano al mercado.		Quiero ir temprano al mercado.		
236.			¿A dae ne'e did?	¿Qué quieres hacer?		¿Qué quieres hacer?		
237.			Ne'ë kune mu'u	Quiero quedarme aquí.		Quiero quedarme aquí.		
238.			Ne'ë chi kuned mu'u	Quiero que te quedes aquí.		Quiero que te quedes aquí.		
239.			Gua ne'ë chi kuned dimod mu'u	No quiero que te quedes solo aquí.		No quiero que te quedes solo aquí.		
240.			Juó ne'es chi kune bakus	Juan quería que me quedara en su casa.		Juan quería que me quedara en su casa.		
241.			Juó gua ne'es chi kune	Juan no quería que yo me quedara.		Juan no quería que yo me quedara.		
242.			Ko'öd chíd ú chi kanad ama bí'i 	Me dijiste que traerias una fruta 		Me prometiste una manzana.		
243.			Ko'öd chíd ú chi kanad ama bí'i che'e 	Me dijiste que traerias una fruta para que yo comiera		Me prometiste que me ibas a dar una manzana.		
244.				Me prometiste llevarme a Huamantla.		Me prometiste llevarme a Huamantla.		
245.			¿A jitenud Ndios?	¿Crees en Dios?		¿Crees en Dios?		
246.			Nigua kue'es nuku Juó	Creo que él se fue con Juan.		Creo que él se fue con Juan.		
247.			Nigua ni gua ndos	Dudo que venga Juan.		Dudo que venga Juan.		
				No dudo que venga Juan.		No dudo que venga Juan.		
248.			Gua jitenu ñe'es	No le creo		Dudo de su promesa.		
249.				No creo en su promesa.		No creo en su promesa.		
250.				No creo lo que me dijo.		No creo lo que me dijo.		
251.				No sé quién viene.		No sé quién viene.		
252.			¿A denud du'u gua ndo?	¿Sabes quién no viene?		¿Sabes quién no viene?		
253.			Gua deanu du'u ndo	No sé quién vino.		No sé quién vino.		
254.			Gua deanu du'u chi*	No sé quién va a venir.		No sé quién va a venir.		
255.			Gua deanu a ti ko'ös	No sé a dónde va.		No sé a dónde va.		
256.			Gua deanu ku ti kuchis 	No sé por qué vino.		No sé por qué vino.		
257.			Gua deanu ñe'e ti kuchis	No sé de dónde vino.		No sé de dónde vino.		
258.			Gua deanu a taka nandinda chimba'a	No sé cómo arreglar la puerta.		No sé cómo arreglar la puerta.		
259.			Gua deanu dae jinuku Juó	No sé qué vende Juan.		No sé qué vende Juan.		
260.			Gua deanu chi kuchid	No sabía que venías.		No sabía que venías.		
261.			Gua chikadinu du'u ndó	No supe quién vino.		No supe quién vino.		
262.			Chimjinu nangadí chimba'am	Me olvidé de cerrar la puerta.		Me olvidé de cerrar la puerta.		
263.			Chimjinu chi ndod jobeku	Me olvidé de que llegabas hoy.		Me olvidé de que llegabas hoy.		
264.			Chimjinu chi a taka jobed	Me olvidé de tu nombre.		Me olvidé de tu nombre.		
265.			¿Dae chimjinud?	¿Qué olvidaste?		¿Qué olvidaste?		
266.				¿De qué te olvidaste?		¿De qué te olvidaste?		
267.			Yeabean jinuku yaku yada ko	Vuela muy alto ese pájaro 		Ese pájaro puede volar mucho.		
268.			Yada kon gua jikadi jinuku yakut	Ese pájaro  no puede volar.		Ese pájaro no puede volar.		
269.			Gua jikadi jea ti'ö	No puedo subirme al árbol.		No puedo subirme al árbol.		
270.			Gua chikadi chindoo ba'am ti nudi chimba'am****	No pude entrar en la casa porque la puerta estaba cerrada.		No pude entrar en la casa porque la puerta estaba cerrada.		
271.			Kadi cho'od chinjíku tochi dùbii nuni	Vas a poder cruzar el río cuando tenga poca agua.		Vas a poder cruzar el río cuando tenga poca agua.		
272.			Jikadi jidijù per gua lápiz ño'ö	Sé escribir, pero no puedo porque no tengo lápiz.		Sé escribir, pero no puedo porque no tengo lápiz.		
273.			Ne'ë kó ti'ö ko, per gua jikadi geá	Quiero subirme a ese árbol pero no puedo.		Quiero subirme a ese árbol pero no puedo.		
274.			Kadi kó ti'ö ko, per gua ne'e	Puedo subirme a ese árbol, pero no quiero.		Puedo subirme a ese árbol, pero no quiero.		
275.			Ne'e chi ko'ö di ntiñu 	Es necesario que vaya a trabajar 		Tengo que trabajar.		
276.			Iku yeaben dí ntiñu	Ayer tuve que trabajar mucho.		Ayer tuve que trabajar mucho.		
277.			Ne'e chi ko'öd did ntiñu	Tienes que trabajar.		Tienes que trabajar.		
278.			Ne'e chi ko'ö kakiö jideaku	Hay que quemar la basura.		Hay que quemar la basura.		
279.				Va a haber que quemar la basura.		Va a haber que quemar la basura.		
280.			Gua eanu chi no'od 	No me gusta que te vayas.		No me gusta que te vayas.		
281.			Nangakud chi ne'e chi ku'uu diuu ntiñu	Acuérdate de que tenemos que trabajar.		Acuérdate de que tenemos que trabajar.		
282.			Gua eanu iñsë	No me gusta esa gente.		No me gusta esa gente.		
			Gua eanu comida ku	No me gusta esta comida.		No me gusta esa comida.		
283.			Nangakud neachead ba'a	Acuérdate de barrer la casa.		Acuérdate de barrer la casa.		
284.		sujeto masculino 	Tumgo'os dae ne'e	Me preguntó qué quería yo.		Me preguntó qué quería yo.		
285.			Jinangaku íñ ñe'e	Extraño a mi familia.		Siempre pienso en mi familia.		
286.				Mañana pienso salir temprano.		Mañana pienso salir temprano.		
287.			Gua deanu chea ne'eta	No sé cuál quere.		No sé cuál quere.		
288.				Acostumbro levantarme temprano.		Acostumbro levantarme temprano.		
289.			Nikua ndininu comida ñe'e mu'u	No me acostumbro a la comida de aquí.		No me acostumbro a la comida de aquí.		
290.			Ndininus chi temprano jinankués	Lo acostumbró a levantarse temprano.		Lo acostumbró a levantarse temprano.		
291.			Jobku kutoko'o kùchi 	Hoy empiezo a sembrar.		Hoy empiezo a sembrar.		
292.			Iku chitoko'o chichí	Ayer empecé a sembrar.		Ayer empecé a sembrar.		
293.			kabiö kutoko'o kùchi	Mañana voy a empezar a sembrar.		Mañana voy a empezar a sembrar.		
294.			Jobku kutoko'o biku	Hoy empieza la fiesta.		Hoy empieza la fiesta en el pueblo.		
295.			Jobku kuin kùchi	Hoy acabo de sembrar.		Hoy acabo de sembrar.		
296.			Iku chinu chichí	Ayer acabé de sembrar.		Ayer acabé de sembrar.		
297.			Kabiö kuin kùchi	Mañana voy a acabar de sembrar.		Mañana voy a acabar de sembrar.		
298.			Jobku kùchi ka	Hoy voy a seguir sembrando.		Hoy voy a seguir sembrando.		
299.			Iku chichí ka	Ayer seguí sembrando.		Ayer seguí sembrando.		
300.				¡Siga el camino!		¡Siga el camino!		
301.			Che'ë nichi so'ö no bakus	Fui a verlo a su casa.		Fui a verlo a su casa.		
302.			¿A ne'éd ama née Jiguyum?	¿Has ido alguna vez a México?		¿Has ido alguna vez a Huamantla?		
303.			¿Takue chi gua che'ë insé?	Por qué no fueron ustedes?		Por qué no fueron ustedes?		
304.			Job jobe jichis ñe'e yuduu	Viene todos los días por los caballos.		Viene todos los días por los caballos.		
305.			Kód tumad naídii	Súbete a cortar ese aguacate.		Súbete a bajar ese aguacate.		
306.			Kuchid kuned ú	Ven a ayudarme.		Ven a ayudarme.		
307.			Kuchid kuned ú chi kuto'uu burru	Ven a ayudarme a atrapar al burro.		Ven a ayudarme a cargar el burro.		
308.			Dayan kaneñ kunenoñ ba'am	Mis hijos se quedaron a cuidar la casa.		Mis hijos se quedaron a cuidar la casa.		
309.				¡Baja a recogerlo!		¡Baja a recogerlo!		
310.				Salió de la casa a saludarme.		Salió de la casa a saludarme.		
311.				Estoy por ir al mercado.		Estoy por ir al mercado.		
312.				Estaba por ir al mercado, pero me quedé en la casa.		Estaba por ir al mercado, pero me quedé en la casa.		
313.				Hoy me pongo a trabajar.		Hoy me pongo a trabajar.		
314.				Dejó aquí la canasta.		Dejó aquí la canasta.		
315.				Dejó abierta la puerta.		Dejó abierta la puerta.		
316.				Déjalo entrar.		Déjalo entrar.		
317.				No dejó de trabajar aunque estaba enfermo.		No dejó de trabajar aunque estaba enfermo.		
318.				Trabajo todos los días.		Trabajo todos los días.		
319.				Hace un año que no trabajo.		Hace un año que no trabajo.		
320.				No trabajo desde ayer.		No trabajo desde ayer.		
321.				Este año trabajé mucho.		Este año trabajé mucho.		
322.				Estoy trabajando desde ayer		Estoy trabajando desde ayer		
323.				Esta mañana trabajé mucho.		Esta mañana trabajé mucho.		
324.				Siembre trabajo de tarde.		Siembre trabajo de tarde.		
325.				Mañana trabajo.		Mañana trabajo.		
326.				¿Trabajarás?	(ahora)	¿Trabajarás (ahora)?		
327.				¿Trabajarás?	(mañana)	¿Trabajarás (mañana)?		
328.				Me voy a trabajar otra vez.		Me voy a trabajar otra vez.		
329.				Juan ya está trabajando.		Juan ya está trabajando.		
330.				¡Empieza a trabajar!		¡Empieza a trabajar!		
331.				Me dio pena no poder ayudarlo.		Me dio pena no poder ayudarlo.		
332.				Ese árbol se va a caer pronto.		Ese árbol se va a caer pronto.		
333.				El árbol se cayó.		El árbol se cayó.		
334.				Se me hinchó el pie.		Se me hinchó el pie.		
335.				Tengo el pie hinchado.		Tengo el pie hinchado.		
336.				Me ensucié la camisa con lodo.		Me ensucié la camisa con lodo.		
337.				Se me ensució la camisa con lodo.		Se me ensució la camisa con lodo.		
338.				El fuego arde bien.		El fuego arde bien.		
339.				Tu casa está ardiendo.		Tu casa está ardiendo.		
340.				Quemé las tortillas.		Quemé las tortillas.		
341.				Las tortillas se quemaron.		Las tortillas se quemaron.		
342.				Las tortillas están quemadas.		Las tortillas están quemadas.		
343.				Me duele la cabeza.		Me duele la cabeza.		
344.				Mi hijo se enfermó.		Mi hijo se enfermó.		
345.				Mi hijo está enfermo.		Mi hijo está enfermo.		
346.				Estoy enfermo.		Estoy enfermo.		
347.				Estuve enfermo.		Estuve enfermo.		
348.				Mi tía se murió.		Mi tía se murió.		
349.				Ese hombre está muerto.		Ese hombre está muerto.		
350.				Juan se ríe mucho.		Juan se ríe mucho.		
351.				Juan se ríe de ti.		Juan se ríe de ti.		
352.				A ese hombre lo mataron ayer.		A ese hombre lo mataron ayer.		
353.				Me cansé en la subida.		Me cansé en la subida.		
354.				Ahora estoy cansado.		Ahora estoy cansado.		
355.				El caballo se cansó.		El caballo se cansó.		
356.				El caballo está cansado.		El caballo está cansado.		
357.				Cansó al caballo.		Cansó al caballo.		
358.				María está durmiendo al nene.		María está durmiendo al nene.		
359.				María se durmió.		María se durmió.		
360.				María hizo dormir al nene.		María hizo dormir al nene.		
361.				Juan va a agrandar la casa.		Juan va a agrandar la casa.		
362.				María va a achicar la camisa.		María va a achicar la camisa.		
363.				Juan agranda la casa todos los años.		Juan agranda la casa todos los años.		
364.				El chile se pone rojo cuando madura.		El chile se pone rojo cuando madura.		
365.				Juan blanqueó la casa.		Juan blanqueó la casa.		
366.				La olla es negra.		La olla es negra.		
367.				El humo ennegreció la olla.		El humo ennegreció la olla.		
368.				Eeste niño ahora es malo pero se va a hacer bueno.		Eeste niño ahora es malo pero se va a hacer bueno.		
369.				Juan me hizo reir.		Juan me hizo reir.		
370.				Agujeree la tabla.		Agujeree la tabla.		
371.				La tabla está agujereada.		La tabla está agujereada.		
372.				Enlodé la canasta.		Enlodé la canasta.		
373.				La canasta está enlodada.		La canasta está enlodada.		
374.				La canasta se enlodó.		La canasta se enlodó.		
375.				La canasta tiene lodo en el asa.		La canasta tiene lodo en el asa.		
376.				El asa de la canasta está enlodada.		El asa de la canasta está enlodada.		
377.				Mi perro se murió.		Mi perro se murió.		
378.				Juan mató a mi perro.		Juan mató a mi perro.		
379.				Juan hizo matar a mi perro.		Juan hizo matar a mi perro.		
380.				El me hizo matar a mi perro.		El me hizo matar a mi perro.		
381.				El me obligó a matar al perro.		El me obligó a matar al perro.		
382.				Yo traje la leña.		Yo traje la leña.		
383.				Me hizo traer la leña.		Me hizo traer la leña.		
384.				María calentó el agua.		María calentó el agua.		
385.				El agua está caliente.		El agua está caliente.		
386.				¡No arrugues ese trapo!		¡No arrugues ese trapo!		
387.				El trapo está arrugado.		El trapo está arrugado.		
388.				María lavó los platos.		María lavó los platos.		
389.				Los platos están lavados.		Los platos están lavados.		
390.				Juan cerro la puerta.		Juan cerro la puerta.		
391.				Juan abrió la puerta.		Juan abrió la puerta.		
				La puerta se cerró.		La puerta se cerró.		
				La puerta se abrió.		La puerta se abrió.		
392.				La puerta está cerrada.		La puerta está cerrada.		
				La puerta está abierta.		La puerta está abierta.		
393.				El caballo está corriendo.		El caballo está corriendo.		
394.				Juan está haciendo correr al caballo.		Juan está haciendo correr al caballo.		
395.				Juan se sentó.		Juan se sentó.		
396.				Juan sentó al niño en la mesa.		Juan sentó al niño en la mesa.		
397.				Esta milpa fue sembrada por mis hijos.		Esta milpa fue sembrada por mis hijos.		
398.				Llegó cantando.		Llegó cantando.		
399.				Pasó silbando.		Pasó silbando.		
401.				Llegó cansado.		Llegó cansado.		
402.				Se rio hasta caerse.		Se rio hasta caerse.		
403.				Trabaja sin ganas.		Trabaja sin ganas.		
				Trabaja con ganas.		Trabaja con ganas.		
404.				Vino a pie.		Vino a pie.		
405.				Vino a caballo.		Vino a caballo.		
406.				Juan salió con sombrero.		Juan salió con sombrero.		
				Juan salió sin sombrero.		Juan salió sin sombrero.		
407.				Trabaja apurado,		Trabaja apurado,		
408.				Acaba de amarrar al burro.		Acaba de amarrar al burro.		
409.				Lo amarró con dificultad.		Lo amarró con dificultad.		
410.				Me llamó a gritos.		Me llamó a gritos.		
411.				¡Habla en voz alta!		¡Habla en voz alta!		
				¡Habla en voz baja!		¡Habla en voz baja!		
412.				¡Mantén el mecate tirante!		¡Mantén el mecate tirante!		
				¡Mantén el mecate firme!		¡Mantén el mecate firme!		
413.				¡Mantén el brazo rígido!		¡Mantén el brazo rígido!		
				¡Mantén el brazo flojo!		¡Mantén el brazo flojo!		
414.				¡Camina en línea recta!		¡Camina en línea recta!		
415.				¡Siéntate derecho!		¡Siéntate derecho!		
416.				Arrojó la piedra con fuerza.		Arrojó la piedra con fuerza.		
				Arrojó la piedra sin fuerza.		Arrojó la piedra sin fuerza.		
417.				La espina se me clavó profundamente.		La espina se me clavó profundamente.		
				La espina se me clavó superficialmente.		La espina se me clavó superficialmente.		
418.				¡Frota con suavidad!		¡Frota con suavidad!		
				¡Frota con energía!		¡Frota con energía!		
419.				¡Levanta el costal poco a poco!		¡Levanta el costal poco a poco!		
				¡Levanta el costal de una vez!		¡Levanta el costal de una vez!		
420.				¡No cierres la puerta de golpe!		¡No cierres la puerta de golpe!		
421.				De día puedo caminar rápido.		De día puedo caminar rápido.		
422.				De noche tengo que caminar despacio.		De noche tengo que caminar despacio.		
423.				Juan usó un mecate como cinturón.		Juan usó un mecate como cinturón.		
424.				¿De qué murió tu tío?		¿De qué murió tu tío?		
425.				Murió de viruela.		Murió de viruela.		
426.				¿Cuánto cuesta esta canasta?		¿Cuánto cuesta esta canasta?		
427.				Cuesta diez mil.		Cuesta diez mil.		
428.				¿Cuánto pesa este costal?		¿Cuánto pesa este costal?		
429.				Pesa diez kilos.		Pesa diez kilos.		
430.				¡Corta el mecate con el cuchillo!		¡Corta el mecate con el cuchillo!		
431.				¡Rómpelo con las manos!		¡Rómpelo con las manos!		
432.				¡Atalo con este mecate!		¡Atalo con este mecate!		
433.				¿Cómo vas a llevar la leña?		¿Cómo vas a llevar la leña?		
434.				La voy a llevar en el burro.		La voy a llevar en el burro.		
435.				¿En que viniste del pueblo?		¿En que viniste del pueblo?		
436.				Vine en camión.		Vine en camión.		
437.				Vine en mula.		Vine en mula.		
438.				Las canastas se hacen de palma.		Las canastas se hacen de palma.		
439.				Las ollas se hacen de barro.		Las ollas se hacen de barro.		
440.				¡Llena la olla con agua!		¡Llena la olla con agua!		
441.				¡Aparta la rama con el pie!		¡Aparta la rama con el pie!		
442.				¡No golpees la olla con el palo!		¡No golpees la olla con el palo!		
443.				Para hacer adobe, se mezcla lodo con paja.		Para hacer adobe, se mezcla lodo con paja.		
444.				Vino con Juan.		Vino con Juan.		
445.				Vino con mi amigo.		Vino con mi amigo.		
446.				Vino conmigo.		Vino conmigo.		
447.				Juan y Pedro trabajan juntos.		Juan y Pedro trabajan juntos.		
448.				¿Cuántas veces viniste?		¿Cuántas veces viniste?		
449.				¿Dónde está sentado el niño?		¿Dónde está sentado el niño?		
450.				Está sentado enfrente de mí.		Está sentado enfrente de mí.		
				Está sentado detrás de mí.		Está sentado detrás de mí.		
				Está sentado adelante de mí		Está sentado adelante de mí		
				Está sentado junto de mí.		Está sentado junto de mí.		
451.				Mi papá entró a la casa.	(allá)	Mi papá entró a la casa. (allá)		
				Mi papá entró a la casa	(acá)	Mi papá entró a la casa (acá)		
452.				¿A dónde entró tu papá?		¿A dónde entró tu papá?		
453.				Mi papá salió de la casa.		Mi papá salió de la casa.		
454.				¿De dónde salió tu papá?		¿De dónde salió tu papá?		
455.				El gato se subió al árbol.		El gato se subió al árbol.		
456.				El gato bajó del árbol		El gato bajó del árbol		
457.				Puso el dinero en el bolsillo.		Puso el dinero en el bolsillo.		
458.				Sacó el dinero del bolsillo.		Sacó el dinero del bolsillo.		
459.				Juan salió por la puerta.		Juan salió por la puerta.		
460.				Juan se cayó en el pozo.		Juan se cayó en el pozo.		
461.				Juan se sentó en la silla.		Juan se sentó en la silla.		
462.				Juan se sentó en el suelo.		Juan se sentó en el suelo.		
463.				Juan se cayó del techo.		Juan se cayó del techo.		
464.				Juan se cayó sobre el techo.	(estaba subido en un árbol y...)	Juan se cayó sobre el techo. (estaba subido en un árbol y...)		
465.				Juan viene de Huamantla.		Juan viene de Huamantla.		
				Juan viene del pueblo.		Juan viene del pueblo.		
				Juan viene de la milpa.		Juan viene de la milpa.		
466.				Juan no vino por el camino sino a través de la milpa.		Juan no vino por el camino sino a través de la milpa.		
467.				Juan se cayó en el río.		Juan se cayó en el río.		
				Juan se cayó en el agua.		Juan se cayó en el agua.		
468.				Juan se tiró al río.		Juan se tiró al río.		
469.				Juan se está bañando en el río.		Juan se está bañando en el río.		
470.				Vayamos hasta el río.		Vayamos hasta el río.		
471.				Juan llegó hasta mi casa y no quiso seguir caminando.		Juan llegó hasta mi casa y no quiso seguir caminando.		
472.				Juan anduvo por mi casa.		Juan anduvo por mi casa.		
473.				Juan vino por el lado del río.		Juan vino por el lado del río.		
474.				En medio del camino hay una piedra grnde.		En medio del camino hay una piedra grnde.		
475.				Al lado del camino hay árboles.		Al lado del camino hay árboles.		
476.				El centro del comal está quebrado.		El centro del comal está quebrado.		
477.				Hay una mosca en el centro del comal.		Hay una mosca en el centro del comal.		
478.				El comal se partió por en medio.		El comal se partió por en medio.		
479.				Juan es el de en medio.	(De esos tres hombres que se acercan)	Juan es el de en medio. (De esos tres hombres que se acercan)		
480.				Vamos a sembrar de este lado de la casa.		Vamos a sembrar de este lado de la casa.		
481.				¿Siembran ustedes a la orilla del camino?		¿Siembran ustedes a la orilla del camino?		
482.				El hombre salió.		El hombre salió.		
483.				El hombre está borracho.		El hombre está borracho.		
484.				El hombre que salió estaba borracho.		El hombre que salió estaba borracho.		
485.				El hombre salió borracho.		El hombre salió borracho.		
486.				Vi al hombre que estaba borracho.		Vi al hombre que estaba borracho.		
487.				Encontré borracho al hombre.		Encontré borracho al hombre.		
488.				Vine con el hombre que estaba borracho.		Vine con el hombre que estaba borracho.		
489.				¿Cuál de los hombres que estaba borracho salió?		¿Cuál de los hombres que estaba borracho salió?		
490.				El hombre mató al perro		El hombre mató al perro		
491.				El perro estaba mordiendo al hombre.		El perro estaba mordiendo al hombre.		
492.				El hombre mató al perro que lo estaba mordiendo.		El hombre mató al perro que lo estaba mordiendo.		
492.				El perro me estaba mordiendo.		El perro me estaba mordiendo.		
493.				El hombre mató al perro que me estaba mordiendo.		El hombre mató al perro que me estaba mordiendo.		
494.				El perro estaba enfermo.		El perro estaba enfermo.		
495.				El perro que mató ese hombre estaba enfermo.		El perro que mató ese hombre estaba enfermo.		
496.				El perro que mató ese hombre me estaba mordiendo.		El perro que mató ese hombre me estaba mordiendo.		
497.				¿Cuál de los hombres que mataron al perro salió?		¿Cuál de los hombres que mataron al perro salió?		
498.				Salió el hombre al que le maté al perro.		Salió el hombre al que le maté al perro.		
499.				El hombre salió de la casa en la que mató al perro.		El hombre salió de la casa en la que mató al perro.		
500.				Encontré el machete donde lo dejaste.		Encontré el machete donde lo dejaste.		
501.				Vine en camión desde donde nos separamos.		Vine en camión desde donde nos separamos.		
502.			!Ted botella chi snú nuni ú!	¡Dame la botella que tiene agua!		¡Dame la botella que tiene agua!		
503.			¡Ted ama botella ñe'e nuni ú!	¡Dame una botella de agua!		¡Dame una botella que tenga agua!		
504.			¡Ted kaja nochi jinabad kerillo ú!	¡Dame la caja donde guardas los cerillos!		¡Dame la caja donde guardas los cerillos!		
505.			¡Ted gikuu nuku chi íkad yuta ú!	¡Dame el cuchillo con que cortas la carne!		¡Dame el cuchillo con que cortas la carne!		
506.			Gua jinichí chë nuku chi ndod 	No conozco al señor con el que viniste.		No conozco al señor con el que viniste.		
507.			Nichi chë 	Vi al señor al que le vendiste las gallinas.		Vi al señor al que le vendiste las gallinas.		
508.				Este es el señor que vimos sembrando.	(El que sembraba era el señor)	Este es el señor que vimos sembrando. (El que sembraba era el señor)		
509.				El es viejo.		El es viejo.		
510.				El es el más viejo.		El es el más viejo.		
511.				El más viejo se murió.		El más viejo se murió.		
512.				El borde del comal está quebrado.		El borde del comal está quebrado.		
513.				El caballo de Juan se murió.		El caballo de Juan se murió.		
514.				El caballo de tu amigo se murió.		El caballo de tu amigo se murió.		
515.				El techo de la casa se cayó.		El techo de la casa se cayó.		
516.				El techo de la casa de mi padre se cayó.		El techo de la casa de mi padre se cayó.		
517.				El mango del machete está quebrado.		El mango del machete está quebrado.		
518.				El agua de este pozo en mala.		El agua de este pozo en mala.		
519.				El agua del río está sucia.		El agua del río está sucia.		
520.				Tengo un cinturón de piel.		Tengo un cinturón de piel.		
521.				El agua de la olla está hirviendo.		El agua de la olla está hirviendo.		
522.				El viento del norte es frío.		El viento del norte es frío.		
523.				El costal para el café está agujerado.		El costal para el café está agujerado.		
524.				El costal de café pesa mucho.		El costal de café pesa mucho.		
525.				El perro negro es mío.		El perro negro es mío.		
526.				Ese perro chico negro es mío.		Ese perro chico negro es mío.		
527.				La pared de ladrillos es más fuerte que la de adobe.		La pared de ladrillos es más fuerte que la de adobe.		
528.				El es más alto que yo.		El es más alto que yo.		
				El es más alto que tu hijo.		El es más alto que tu hijo.		
529.				El es tan alto como yo.		El es tan alto como yo.		
				El es tan alto como tu hijo.		El es tan alto como tu hijo.		
530.				El vino antes que yo.		El vino antes que yo.		
				El vino antes que tu hijo.		El vino antes que tu hijo.		
531.				El vino más tarde que yo.		El vino más tarde que yo.		
				El vino más tarde que tu hijo.		El vino más tarde que tu hijo.		
532.				El es menos rápido que yo.		El es menos rápido que yo.		
				El es menos rápido que tu hijo.		El es menos rápido que tu hijo.		
533.				El trabaja tan bien como yo.		El trabaja tan bien como yo.		
				El trabaja tan bien como tu hijo.		El trabaja tan bien como tu hijo.		
534.				Voy a comprar casi todas esas gallinas blancas.		Voy a comprar casi todas esas gallinas blancas.		
535.				Algunos de esos niños estás enfermos.		Algunos de esos niños estás enfermos.		
536.				Casi todos esos niños están enfermos.		Casi todos esos niños están enfermos.		
537.				Ninguno de esos niños está enfermo.		Ninguno de esos niños está enfermo.		
538.				Cada uno de esos niños comió un dulce.		Cada uno de esos niños comió un dulce.		
539.				Cualquiera de estos niños te llamará.		Cualquiera de estos niños te llamará.		
540.				Muchos de estos niños están enfermos.		Muchos de estos niños están enfermos.		
541.				Pocos de estos niños están enfermos.		Pocos de estos niños están enfermos.		
542.				Bastantes niños están enfermos.		Bastantes niños están enfermos.		
543.				Vendí muchos sarapes.		Vendí muchos sarapes.		
				Vendí algunos sarapes		Vendí algunos sarapes		
				Vendí pocos sarapes.		Vendí pocos sarapes.		
				Vendí bastantes sarapes.		Vendí bastantes sarapes.		
544.				Comió demasiado de esta comida.		Comió demasiado de esta comida.		
545.				Comió demasiados chiles.		Comió demasiados chiles.		
546.			Ama	uno		uno		
			Obe	dos		dos		
			Inu	tres		tres		
			Kùù	cuatro		cuatro		
			Ju'u	cinco		cinco		
			Joo	seis		seis		
			Neachea	siete		siete		
			Nini	ocho		ocho		
			Nòò	nueve		nueve		
			Nichi	diez		diez		
			Nichama	once		once		
			Niku	veinte		veinte		
			Ju'u jeku	cien		cien		
547.			Bea ama yuduu ñe'ë	Tengo un caballo.		Tengo un caballo.		
548.			Bea obe itintu kuä ñe'ë	Tengo dos bueyes negros.		Tengo dos bueyes negros.		
549.			A che'ë ama nèè bakud	Fui a tu casa una vez.		Fui a tu casa una vez.		
			A che'ë obe nèè bakud	Fui a tu casa dos veces		Fui a tu casa dos veces		
				Fui a  tu casa tres veces.		Fui a tu casa tres veces.		
550.			Am amas kanós ñe'e no ba'a	Los hombres salieron de la casa uno por uno.		Los hombres salieron de la casa uno por uno.		
			Ob obes kanós ñe'e no ba'a	Los hombres salieron de la casa de dos en dos.		Los hombres salieron de la casa de dos en dos.		
			In inus kanós ñe'e no ba'a	Los hombres salieron de la casa de tres en tres.		Los hombres salieron de la casa de tres en tres.		
551.			Kuto'on ama tuu	¡Agarren una piedra cada uno!		¡Agarren una piedra cada uno!		
552.				¡Hagan una señal cada dos árboles!		¡Hagan una señal cada dos árboles!		
553.			Juóm kuno'os tum gua nichid so'ö	Juan se fue para que no lo vieras.		Juan se fue para que no lo vieras.		
554.			Ndó Juó tum nichid so'ö	Juan vino para que lo vieras.		Juan vino para que lo vieras.		
555.			Ká ama it dítuu tumin techkó no'o nukut	Compre una mula para acarrear leña		Compré la carreta para llevar la leña.		
556.			Ká ama burru tumin techkód no'o nukut	Compre un burro para que acarrees leña		Compré la carreta para que lleves la leña.		
557.			Ko'ö a ndar gea kubi	Voy a ir aunque está lloviendo.		Voy a ir aunque está lloviendo.		
558.				Voy a ir aunque llueva.		Voy a ir aunque llueva.		
559.			Nichi ko'öd tum nub kanid	Si vas a ir apúrate.		Si vas a ir apúrate.		
560.			Nichi nichi so'ö tum kaka machetem so'ö	Si lo veo le pido el machete.		Si lo veo le pido el machete.		
561.				Si lo viera le pediría el machete.		Si lo viera le pediría el machete.		
562.			Nichi nichi so'ön tumin chika machetem so'ö	Si lo hubera visto le habría pedido el machete.		Si lo hubera visto le habría pedido el machete.		
563.			Nigua no'ö ti gua jidí ntiñu 	Creo que me voy a ir porque no estoy trabajando 		Me voy porque no estoy trabajando.		
564.			Gua ko'ös dimos ti bö'os	No va solo porque tiene miedo.		No va solo porque tiene miedo.		
565.			Juó kayadus tochi ndod 	Juan estaba durmiendo cuando llegaste.		Juan estaba durmiendo cuando llegaste.		
566.			Juó kayadus ni tochi ndod 	Juan estuvo durmiendo hasta que llegaste.		Juan estuvo durmiendo hasta que llegaste.		
567.				Juan estuvo durmiendo desde que llegaste.		Juan estuvo durmiendo desde que llegaste.		
568.				Jaun estuvo dormido antes de que llegaras.		Jaun estuvo dormido antes de que llegaras.		
569.			Juó kudadus tochi ndod	Juan va a dormir cuando llegues.		Juan va a dormir cuando llegues.		
570.			Juó kayadus ni tochi ndod	Juan va a dormir hasta que llegues.	(Después se va a levantar)	Juan va a dormir hasta que llegues. (Después se va a levantar)		
571.				Juan  va a dormir apenas llegues.	(hasta ese momento va a estar levantando)	Juan va a dormir apenas llegues. (hasta ese momento va a estar levantando)		
572.			Dí kuned ti je'e yuntu	Quédate quieto porque estoy comiendo 		No me molestes cuando estoy comiendo.		
573.				No me molestes cuando como.		No me molestes cuando como.		
574.				Si quieren irse que se vayan.		Si quieren irse que se vayan.		
575.			Juó ko'ös kunus nata	Juan va a sembrar maiz		Juan va a sembrar chile y yo también.		
576.			Juó ko'ö kunus nata, un gua 	Juan va a sembrar maíz pero yo no.		Juan va a sembrar chile pero yo no.		
577.			Juó gua kunus, un kunú	Juan no va a sembrar, pero yo sí.		Juan no va a sembrar, pero yo sí.		
578.			Guad bea ne'ë	No quiero nada 		No quiero nada de eso.		
579.			¿A ne'ed ama dea ñe'ë chu?	¿Quiere algo de esto?		¿Quiere algo de esto?		
580.			Gua jikadi jika dime	No puedo caminar solo.		No puedo caminar solo.		
581.			A tan kabiö chi kadi dì ntiñu	Ya sólo puedo trabajar en la mañana.		Ya sólo puedo trabajar en la mañana.		
582.				Ya mero voy.		Ya mero voy.		
583.			Chi jinu ñe'ë ntiñu	Me atrasé con el trabajo		Ahora es tarde para ir a trabajar.		
				Ahora es temprano para ir a trabajar.		Ahora es temprano para ir a trabajar.		
584.			Yata kun ndá je'ë	Esta planta es buena para comer.		Esta planta es buena para comer.		
585.			Yata kun ndá ñe'e káa mi	Esta planta es buena para esa enfermedad.		Esta planta es buena para esa enfermedad.		
			Yata kun gua ndá ñe’e káa mi	Esta planta es mala para esa enfermedad.		Esta planta es mala para esa enfermedad.		
586.			Juó kanii jikás	Juan es rápido para caminar.		Juan es rápido para caminar.		
587.			Yeabean chéche ñe'e chi kùchi	Esta tierra es demasiado dura para sembrar.		Esta tierra es demasiado dura para sembrar.		
588.			Mniñu a kutea jinichi'uu it cheanu	Ahora es raro ver venados en el monte.		Ahora es raro ver venados en el monte.		
589.				Ese caballo es difícil de amansar.		Ese caballo es difícil de amansar.		
590.				¡Ojalá venga pronto!		¡Ojalá venga pronto!		
591.			Nigua mniñu a chis	Puede que venga pronto.		Puede que venga pronto.		
592.			lï ka ten ú	No deme menos.	(Quiero un kilo de....) 	(Quiero un kilo de....) No deme menos.		
593.			¿A ndee ne'ed?	¿Quiere mucho?		¿Quiere mucho?		
594.			Gua, lïn ten ú	No, deme poco.		No, deme poco.		
